id,name
,The Cat God
0,Cat
1,Tank Cat
2,Axe Cat
3,Gross Cat
4,Cow Cat
5,Bird Cat
6,Fish Cat
7,Lizard Cat
8,Titan Cat
9,Actress Cat
10,Kung Fu Cat
11,Mr.
12,Bondage Cat
13,Dom Cat
14,Cats in a Box
15,Panties Cat
16,Moneko
17,Tricycle Cat
18,Ninja Cat
19,Zombie Cat
20,Samurai Cat
21,Sumo Cat
22,Boogie Cat
23,Skirt Cat
24,Valkyrie Cat
25,Bahamut Cat
26,Kerihime
27,Cat Princess
28,Capsule Cat
29,Masked Cat
30,Bodhisattva Cat
31,Delinquent Cat
32,Hip Hop Cat
33,Kotatsu Cat
34,Nekoluga
35,Nerd Cat
36,Swimmer Cat
37,Pogo Cat
38,Wheel Cat
39,Apple Cat
40,Bath Cat
41,Salon Cat
42,Ice Cat
43,Cat Machine
44,Lesser Demon Cat
45,Maiko Cat
46,Jurassic Cat
47,Viking Cat
48,Pirate Cat
49,Thief Cat
50,Bishop Cat
51,Fortune Teller Cat
52,Shaman Cat
53,Evangelist Cat
54,Type 10
55,Witch Cat
56,Archer Cat
57,Marauder Cat
58,Swordsman Cat
59,Baby Cat
60,Bronze Cat
61,Sushi Cat
62,Toy Machine Cat
63,Sports Day Cat
64,Swordsman
65,Cow Princess
66,PPT48
67,Li'l Gau
68,Reaper
69,Sleeping Beauty Punt
70,Salaryman Cat
71,Sanada Yukimura
72,Maeda Keiji
73,Oda Nobunaga
74,Reindeer Fish Cat
75,Windy
76,Thundia
77,Droid Cat
78,Space Cat
79,Adult Cat
80,Evil Cat
81,Doll Cats
82,Blue Shinobi
83,Sodom
84,Megidora
85,Vars
86,Kamukura
87,Raiden
88,Rope Jump Cat
89,Nimue
90,Monkey King
91,Crazed Cat
92,Crazed Tank Cat
93,Crazed Axe Cat
94,Crazed Gross Cat
95,Crazed Cow Cat
96,Crazed Bird Cat
97,Crazed Fish Cat
98,Crazed Lizard Cat
99,Crazed Titan Cat
100,Maiden Cat
101,Clone Elle
102,Red Marron
103,Cabaret Cat
104,Koi Cat
105,Kuu
106,Kai
107,Coppermine
108,Cat Bros
109,Madam Bride
110,Celesse
111,Nono
112,Olga
113,Norn
114,Yoichi
115,Serum
116,Fuu
117,Aura
118,Rei
119,Wyvern
120,Healer
121,Merc
122,Vacation Queen
123,Bean Cats
124,Date Masamune
125,Takeda Shingen
126,Clockwork Cat
127,Flower Cat
128,Vengeful Cat
129,Gold Cat
130,Ururun Wolf
131,Neneko
132,Kung Fu Cat X
133,Hikakin
134,Urashima Taro
135,The Grateful Crane
136,Momotaro
137,Kasa Jizo
138,Princess Kaguya
139,Nekondo
140,Squish Ball Cat
141,God
142,Tutorial Cat
143,Nurse Cat
144,Cat Base Mini
145,Cat Gunslinger
146,Stilts Cat
147,Tin Cat
148,Rocker Cat
149,Mer-Cat
150,Juliet Cat
151,Weightlifter Cat
152,Figure Skating Cats
153,Cat Toaster
154,Hoop Cat
155,Chicken Cat
156,Dragon League Swordsman
157,Nubobo
158,Uesugi Kenshin
159,Kalisa
160,Yurinchi
161,Crazed Princess Punt
162,Sho Ayanokoji
163,Hikaru Saotome
164,Hitomi Saionji
165,Hoshi Grandmarnier
166,Shouchikubai Shiratori
167,Yankee Cat
168,Asiluga
169,Kubiluga
170,Tecoluga
171,Balaluga
172,Li'l Nyandam
173,Baby Mola
174,Mola King
175,Meowla Meowla
176,Marshmallow Cat
177,Dioramos
178,Mob Cat
179,Takuya & Yuki
180,Mystery Girl Yuki
181,Yuki Cat
182,Cuckoo Crew 12
183,Cat Kart R
184,Mr. Ninja
185,Hearscht
186,Cornelia
187,Juvens
188,Mystica
189,Alois
190,Citrouille
191,Titi
192,Yamaoka Minori
193,Nakamura Kanae
194,Akira
195,Mekako Saionji
196,Catman
197,Psychocat
198,Onmyoji Cat
199,Surfer Cat
200,Metal Cat
201,Drumcorps Cat
202,Baozi Cat
203,Kachi-Kachi
204,Felyne
205,Sheria - Kirin
206,Rathalos
207,Rathian
208,Kirin Cat
209,Li'l Cat
210,Li'l Tank Cat
211,Li'l Axe Cat
212,The White Rabbit
213,Catburger
214,HYAKUTARO
215,MARCO
216,TARMA
217,ERI
218,FIO
219,SV-001
220,ALLEN O'NEIL
221,MARS PEOPLE
222,HUGE HERMIT
223,JUPITER KING
224,DONALD MORDEN
225,HI-DO
226,Warlock and Pierre
227,Pumpcat
228,Gloomy Neneko
229,Hallowindy
230,Spooky Thundia
231,Oden
232,Junior God of Light - Valkyrie
233,Junior God Brynhildr
234,Junior God Suruzu
235,Goddess of Abundance - Freya
236,God of War - Odin
237,Freshman Cat Jobs
238,Rich Cat III
239,Sniper the Recruit
240,Togeluga
241,Frosty Kai
242,Santa Kuu
243,Holy Coppermine
244,A Gift of Cats
245,Li'l Gross Cat
246,Li'l Cow Cat
247,Li'l Bird Cat
248,Undead Cat
249,Swordsman
250,Horsemen Cavalry
251,Ashura
252,Battle Balloon
253,Dragon Rider
254,Pretty Cat
255,Cyclops
256,Golem
257,Thunder God Zeus
258,Anubis the Protector
259,Radiant Aphrodite
260,Catway
261,Hayabusa
262,Nyamusu
263,Pochi
264,Kuromi
265,Setsuko
266,Nebaaru-kun
267,Catornado
268,Red Riding Mina
269,Baby Gao
270,Crazed Yuki
271,Shining Amaterasu
272,Splendid Ganesha
273,Cheerleader Cat
274,Tropical Kalisa
275,Midsummer Rabbit
276,Sunny Neneko
277,Funghi
278,Tanky
279,White Cat
280,Fortressy
281,Futenyan
282,Awa-Odori Cat
283,Pai-Pai
284,Express Cat
285,Crazed Baozi Cat
286,Strike Unit R.E.I.
287,Little Leaguer Cat
288,Madoka Kaname
289,Homura Akemi
290,Sayaka Miki
291,Mami Tomoe
292,Kyoko Sakura
293,Kyubey
294,Madoka Cat
295,Homura Cat
296,Sayaka Cat
297,Mami Cat
298,Kyoko Cat
299,Li'l Madoka
300,Li'l Homura
301,Kyubey Cat
302,Lilith Cat
303,Food Stall Cat
304,Mighty Kat-A-Pult
305,Mighty Drednot
306,Mighty Bomburr
307,Vaulter Cat
308,Gardener Cat
309,Neko Hakase
310,Yuletide Nurse
311,Li'l Fish Cat
312,Li'l Lizard Cat
313,Li'l Titan Cat
314,Years-End Neneko
315,PIKOTARO
316,Wrathful Poseidon
317,CPAC
318,Miko Mitama
319,Killer Cat
320,Hiroshi Mihara
321,Nazousagi
322,Sarukani
323,Miyamoku Musashi
324,Curling Cat
325,Welterweight Cat
326,Mobius
327,Belial
328,Happy 100
329,Eggy Cat
330,Springtime Kenshin
331,Bunny & Canard
332,Easter Neneko
333,Shadow Gao
334,Trickster Himeyuri
335,Sea Maiden Ruri
336,Queen Reika
337,HMS Princess
338,Imagawa Yoshimoto
339,Iron Wall Cat
340,Redhead Yuki Cat
341,Lost World Yuki
342,Maneki Cat
343,Slug Jockey Cat
344,Orthos
345,Michelia
346,Todomeki
347,Gudetama Cat
348,Gudetama Plate
349,Gudegude Pudding
350,Nisetama Army
351,Twinstars
352,Hermit Cat
353,Cat Slave Chocolate
354,Seashore Kai
355,Mighty Rekon Korps
356,Nora
357,Wolfchild Deale
358,Graveflower Verbena
359,Bora
360,Mizli
361,Aer
362,Saber
363,Rin Tohsaka
364,Illyasviel
365,Archer
366,Lancer
367,Rider
368,Gilgamesh
369,Saber the Cat
370,Sakura the Cat
371,Rin the Cat
372,Illya the Cat
373,Li'l Shirou
374,Li'l Sakura
375,Coin Cat
376,Rover Cat
377,Fencer Cat
378,Dark Mitama
379,Volley Cat
380,D'artanyan
381,Farmer Cat
382,Glass Cat
383,Masked Yulala
384,Satori Hikami & Cat
385,Akio Yabe
386,Sairi Nijitani
387,Misaki Konno
388,Ren Katagiri
389,Karin Nekozuka
390,Aoi Hayakawa
391,Mizuki Tachibana
392,Hijiri Rokudo
393,Saki Nijima
394,Subaru Hoshi
395,Miyabi Oyama
396,Ganglion
397,Sakura Sonic
398,Honeyto-Kun
399,Mentori
400,Imoto
401,Voli
402,Shinji & Cat
403,Gendo & Fuyutsuki Cats
404,Giraffe Unit-01
405,Kaworu & Cat
406,Rei Cat
407,Asuka Cat
408,Mari Cat
409,Rei Ayanami
410,Asuka Langley
411,Mari Illustrious
412,Eva Unit-00
413,Eva Unit-01
414,Eva Unit-02
415,Shinji Cat
416,Moon Operators
417,Mighty Thermae D-Lux
418,Crazed Moneko
419,Pokota
420,Ovis
421,Coco
422,Moe Uzumasa & Cat
423,Saki Matsuga & Cat
424,Misa Ono & Cat
425,Rei Uzumasa & Cat
426,Mecha-Bun
427,Cat Clan Heroes
428,Souma Cat
429,Otaku Geek Cat
430,Gude-Cat Machine
431,Detective Vigler
432,Betakkuma
433,Nekokkuma
434,White Swordsman Cat
435,Li'l Valkyrie
436,Nobiluga
437,Cat God the Great
438,Waverider Kuu
439,Empress Chronos
440,Bebe
441,D'arktanyan
442,Lone Cat and Kitten
443,Driller Cat
444,Piledriver Cat
445,Cutter Cat
446,Backhoe Cat
447,Miter Saw Cat
448,Musashi Miyamoto
449,Headmistress Jeanne
450,High Lord Babel
451,Ushiwakamaru
452,Primordial Cat
453,Kitarou
454,Medama-Oyaji
455,Wonder MOMOCO
456,Sakura Matou
457,Shirou the Cat
458,Archer the Cat
459,Rider the Cat
460,Kotomine & Gilgamesh Cats
461,Legeluga
462,Filibuster Cat X
463,Mighty Kristul Muu
464,Dogumaru
465,Maji Cat & Cat Tour Group
466,Black Zeus
467,Super Zeus
468,Holy Phoenix
469,Super Devil
470,Satanmaria
471,Heracrist
472,Fiendish Nero
473,Prince Yamato
474,Rosary Angel
475,Wakamiko Cat
476,Cat Devil
477,Nekonosuke
478,Lumina
479,Gummy Cat
480,Neko-Musume
481,Doktor Heaven
482,Benevolent Souma
483,Kano & Souma
484,Li'l Valkyrie Dark
485,Calette
486,Hina
487,Eva Unit-08
488,AAA Wunder
489,Misato Katsuragi
490,Ritsuko Akagi
491,Rei Ayanami (???)
492,HAPPI
493,Gaia the Creator
494,Seabreeze Coppermine
495,Matador Cat
496,Narita Kaihime
497,Shakurel Cat
498,Shakurel Lion
499,Shakurel Tiger
500,Shakurel Panda
501,Cat Bros
502,Myrcia
503,2D Cat
504,Fatherly Cat (Shopkeeper)
505,Relentless Gladios
506,Eyewaltz
507,Mightycat
508,Ryu Cat
509,Chun-Li Cat
510,Akuma
511,Ryu
512,Chun-Li
513,Guile
514,Zangief
515,Blanka
516,Dhalsim
517,Ken
518,Akuma Giraffe
519,Lasvoss
520,Good-Luck Ebisu
521,Medusa Cat
522,Nymph Cat
523,Wushu Cat
524,Sorakara
525,Kintaro
526,Snow Angel Twinstars
527,Slime Cat
528,Cossack Cat
529,Kasli the Scourge
530,Herme
531,Teacher BearCat
532,Urs & Fenrir
533,Sharpshooter Saki
534,Hades the Punisher
535,Hatsune Miku
536,Sakura Miku
537,Kagamine Rin & Len
538,Miku Cat
539,Rugby Cat
540,U.F.O. Cat
541,Yakisoba Cat
542,Cat Boy
543,Kasli the Bane
544,Kyosaka Nanaho
545,Phantom Cat
546,Papaluga
547,Night Oracle Rei
548,The 4th Angel
549,The 6th Angel
550,The 10th Angel
551,The 9th Angel
552,Kaworu Cat
553,Bakery Cat
554,Master Uril
555,Shaman Khan
556,Holy Knight Alibaba
557,Heavenly Jack
558,Gacha Cat
559,Hell Warden Emma
560,Megurine Luka
561,MEIKO & Cat
562,Luka Cat
563,Squirtgun Saki
564,Summerluga
565,Suntan Cat
566,Lifeguard Cats
567,Li'l Clops Cat Egg
568,Idi:N
569,Gravi
570,Skull Rider Vars
571,E. Honda
572,Balrog
573,Vega
574,Sagat
575,M. Bison
576,C. Honda
577,Balrog Cat
578,Vega Cat
579,Sagat Cat
580,M. Bison Cat
581,Stone Cat
582,Hatsune Miku: MM2020 Osaka
583,Hatsune Miku: MM2020 Tokyo
584,Keiji Claus
585,Baby Garu
586,Emperor Cat
587,Sweet Aphrodite
588,First-Love Myrcia
589,Valentine's Neneko
590,Snow Miku 2021
591,KAITO & Cat
592,Neko Rin
593,Neko Len
594,Mighty Aethur Ltd.
595,Blooming Kamukura
596,Ranma Saotome (M)
597,Akane Tendo
598,Ryoga Hibiki (Pig)
599,Shampoo (Cat)
600,Mousse (Duck)
601,Happosai
602,Ukyo Kuonji (GR)
603,Tatewaki Kuno (Gi)
604,Ranma Cat (M)
605,Akane Cat
606,Panda Cat
607,Adventurer Kanna
608,Wafer Cat
609,Dark Aegis Garu
610,Gold Brick Cat
611,Godzilla Cat
612,Princess Cat
613,Elder Mask Doron
614,Kaguya of the Coast
615,Kabuto Cat
616,Kuwagata Cat
617,Summoner Satoru
618,Shiro Amakusa
619,Lilin
620,Hevijak the Wicked
621,Aku Researcher
622,Jagando Jr.
623,Pied Piper Cat
624,Kunio-kun
625,Furiluga
626,Cat Giraffe Modoki
627,Catnip Tricky
628,Catnip Dragon
629,Brainwashed Cat
630,Calligraphy Cat
631,Yamii
632,Mighty Deth-Troy-R
633,Shitakiri Sparrow
634,White Knight Cyclops
635,Million-Dollar Cat
636,Brainwashed Tank Cat
637,Xiaoqiong & Cat
638,Nana & Cat
639,Emilia & Cat
640,Ann & Cat
641,Iz the Dancer
642,Lucifer the Fallen
643,Superfeline
644,Sweet Love Mekako
645,Brainwashed Axe Cat
646,Firecracker Cat
647,Huntress Terun
648,Lovestruck Lesser Demon
649,Hattori Hanzo
650,Secret Crush Cat
651,Tomboy Lion Cat
652,Chalkboard Eraser Cat
653,Elder Beast Naala
654,Brainwashed Gross Cat
655,Bliza
656,Ancient Egg: N001
657,Iz the Dancer of Grief
658,Ancient Egg: N101
659,Ancient Egg: N102
660,Sea Serpent Daliasan
661,Chronos the Bride
662,Brainwashed Cow Cat
663,Ancient Egg: N103
664,Ancient Egg: N104
665,Ancient Egg: N201
666,Night Beach Lilin
667,Brainwashed Bird Cat
668,Cat Tengu
669,Ancient Egg: N003
670,Ancient Egg: N202
671,Ranma Saotome (Leotard)
672,Genma Saotome (Panda)
673,Cheetah Cat
674,Mighty Carrowsell
675,Ancient Egg: N105
676,Ancient Egg: N106
677,Osamu Mikumo & Cat
678,Yuma Kuga & Cat
679,Chika Amatori & Cat
680,Sakura
681,Luke
682,Spectral Goth Vega
683,Count Yukimura
684,Brainwashed Fish Cat
685,Ancient Egg: N004
686,Goddess of Light Sirius
687,Reindeer Terun
688,Brainwashed Lizard Cat
689,Meditation Cat
690,Child of Destiny Phono
691,Ancient Egg: N000
692,Issun Boshi
693,White Butler Vigler
694,Brainwashed Titan Cat
695,Killer Tank Cat
696,Class Rep Cat
697,Ancient Egg: N107
698,Thunder Jack
699,Rabbit Satoru
700,Ancient Egg: N005
701,Kamen Rider Cat
702,Cat Godzilla
703,Evangelion Cat
704,Ultraman Cat
705,King of Doom Phono
706,Ancient Egg: N108
707,Ancient Egg: N109
708,Jetpack Cat
709,One-Eyed Asuka
710,Eva Unit-13
711,Betrothed Balaluga
712,Kaoluga
713,Ancient Egg: N203
714,Coastal Explorer Kanna
715,Mighty Sphinx Korps
716,Ancient Egg: N111
717,Ancient Egg: N110
718,Maize Cat
719,Tekachi
720,Ancient Egg: N006
721,High School Kingpin Riki
722,Hatsune Miku XVI
723,Lightmother Aset
724,Ancient Egg: N112
725,Ninja Girl Tomoe
726,Medal King Cat
727,Sol Dae Rokker
728,Master of Mind Soractes
729,Summon 1
730,Ancient Egg: N204
731,Daybreaker Izanagi
732,Summon 2
733,Pegasa
734,Summon 3
735,Principal Cat
736,Frozen Rose Cat
737,Floral Kalisa
738,Izanami of Dusk
739,Summon 4
740,Trash Cat
741,Voluptuous Peony - Daji
742,Mollyanna Cat
743,Madhead
744,Felix the Cat Duke Cat
745,Dotty Cat
746,Kenshin Himura
747,Sanosuke Sagara
748,Aoshi Shinomori
749,Hajime Saito
750,Li'l Kaoru
751,Li'l Yahiko
752,Kenshin Cat
753,Kaoru Cat
754,Akechi Mitsuhide
755,Summon 5
756,Cake Machine
757,Ancient Egg: N205
758,Trixi the Merc
759,Music Fest Thundia
760,Gunduros
761,Summon 6
762,Heavenly God Super Zeus
763,Dynasaurus Cat
764,Summon 7
765,Ancient Egg: N206
766,Sardine
767,Squid
768,Taitenki
769,Hanasaka Cat
770,Summon 8
771,Master of Life Dr. Nova
772,Pumpkin Sodom
773,Mummy Sumo
774,Mech Patrol Axel
775,Summon 9
776,Lieutenant Cat
777,Winter General Kaihime
778,Madoka Cat & Homura
779,Celestial Child Luna
780,Bowler Cat
781,Mamoluga
782,Summon 10
783,Koneko
784,ChocoSurp Cat C
785,Killer Gross Cat
786,The Amazing Catman
787,Netherworld Nymph Lunacia
789,Baki Hanma
790,Retsu Kaioh
791,Kaoru Hanayama
792,Katsumi Orochi
793,Jack Hammer
794,Ogre Cat
795,Li'l Baki
796,Baki Cat
797,Kaioh Cat
798,Doppo Cat
799,Mighty Morta-Loncha
800,Summon 11
801,Master of Logic Newton
802,Summon 12
803,Sonic
804,Tails
805,Knuckles
806,Shadow
807,Cat Sonic
808,Cat Tails
809,Cat Shadow
810,Agent Stahl
811,Idaten Skanda
812,Summon 13
813,Crab
814,Mass Production Eva
815,Kaworu Nagisa
816,Summon 14
